,Unnamed: 0,Unnamed: 1,Time,0 min ,7 min 34 s,9 min 39 s,11 min 44 s,19 min 18 s,21 min 23 s,23 min 28 s,31 min 3 s,33 min 8 s,35 min 13 s,42 min 47 s,44 min 52 s,46 min 57 s,0 min .1,7 min 34 s.1,9 min 39 s.1,11 min 44 s.1,19 min 18 s.1,21 min 23 s.1,23 min 28 s.1,31 min 3 s.1,33 min 8 s.1,35 min 13 s.1,42 min 47 s.1,44 min 52 s.1,46 min 57 s.1,0 min .2,7 min 34 s.2,9 min 39 s.2,11 min 44 s.2,19 min 18 s.2,21 min 23 s.2,23 min 28 s.2,31 min 3 s.2,33 min 8 s.2,35 min 13 s.2,42 min 47 s.2,44 min 52 s.2,46 min 57 s.2,0 min .3,7 min 34 s.3,9 min 39 s.3,11 min 44 s.3,19 min 18 s.3,21 min 23 s.3,23 min 28 s.3,31 min 3 s.3,33 min 8 s.3,35 min 13 s.3,42 min 47 s.3,44 min 52 s.3,46 min 57 s.3,0 min .4,7 min 34 s.4,9 min 39 s.4,11 min 44 s.4,19 min 18 s.4,21 min 23 s.4,23 min 28 s.4,31 min 3 s.4,33 min 8 s.4,35 min 13 s.4,42 min 47 s.4,44 min 52 s.4,46 min 57 s.4,0 min .5,7 min 34 s.5,9 min 39 s.5,11 min 44 s.5,19 min 18 s.5,21 min 23 s.5,23 min 28 s.5,31 min 3 s.5,33 min 8 s.5,35 min 13 s.5,42 min 47 s.5,44 min 52 s.5,46 min 57 s.5,0 min .6,7 min 34 s.6,9 min 39 s.6,11 min 44 s.6,19 min 18 s.6,21 min 23 s.6,23 min 28 s.6,31 min 3 s.6,33 min 8 s.6,35 min 13 s.6,42 min 47 s.6,44 min 52 s.6,46 min 57 s.6,avg0,avg1,avg2,avg3,avg4,avg5,avg6,avg7,avg8,avg9,avg10,avg11,avg12,avg13,avg14,avg15,avg16,avg17,avg18,avg19,avg20,avg21,avg22,avg23,avg24,avg25,avg26,avg27,avg28
1,B,2.0,Control C1,204250.0,193125.0,194440.0,194254.0,189483.0,190985.0,190907.0,187254.0,187834.0,188180.0,184491.0,185411.0,184464.0,183507.0,180639.0,180624.0,179970.0,177001.0,176766.0,177178.0,172754.0,173223.0,173456.0,167731.0,168002.0,166906.0,166340.0,159709.0,159906.0,158910.0,153497.0,153331.0,153088.0,144853.0,144368.0,144330.0,137057.0,136903.0,136312.0,137789.0,128716.0,128698.0,129122.0,121057.0,120937.0,120153.0,93107.0,92548.0,93698.0,86006.0,86657.0,86673.0,86985.0,80874.0,81524.0,81550.0,77140.0,77436.0,77073.0,73285.0,73416.0,73523.0,70511.0,70711.0,70527.0,70753.0,68478.0,67976.0,68612.0,67295.0,67272.0,67450.0,66098.0,65892.0,66049.0,65634.0,65775.0,65585.0,65713.0,65339.0,65433.0,65258.0,65347.0,64829.0,64875.0,64873.0,65047.0,64741.0,64508.0,64464.0,64541.0,204250.0,194347.0,190946.0,188007.0,184937.5,180297.0,176972.0,173339.5,167454.0,159408.0,153209.5,144349.0,136607.5,128910.0,120545.0,93123.0,86665.0,81537.0,77254.5,73469.5,70619.0,68294.0,67361.0,65970.5,65680.0,65345.5,64852.0,64894.0,64502.5
2,E,6.0,Control C2,206056.0,194447.0,196244.0,196732.0,189093.0,191908.0,192916.0,184438.0,187416.0,190300.0,181100.0,183569.0,184780.0,185702.0,176467.0,179705.0,182010.0,172180.0,175410.0,179576.0,168931.0,171830.0,175861.0,165073.0,167888.0,166523.0,167015.0,157722.0,159120.0,161014.0,152591.0,153476.0,154622.0,144159.0,145135.0,146401.0,135122.0,136266.0,136659.0,139440.0,129244.0,129914.0,131231.0,119927.0,121273.0,118889.0,105356.0,106081.0,107780.0,97375.0,98568.0,98584.0,99179.0,89809.0,90749.0,91080.0,83257.0,83725.0,85368.0,77971.0,78178.0,79097.0,73789.0,73317.0,74089.0,74820.0,70312.0,70207.0,72194.0,68218.0,68039.0,69859.0,66772.0,66619.0,68050.0,65701.0,65446.0,65400.0,67291.0,65448.0,65278.0,66415.0,65162.0,64803.0,66077.0,64808.0,64646.0,65653.0,64723.0,64158.0,63741.0,206056.0,196488.0,192412.0,188858.0,184174.5,180857.5,177493.0,173845.5,167205.5,160067.0,154049.0,145768.0,136462.5,130572.5,120081.0,106930.5,98576.0,90914.5,84546.5,78637.5,73703.0,71200.5,68949.0,67334.5,65423.0,65846.5,65440.0,65149.5,63949.5
3,E,7.0,Control C3,173086.0,164759.0,166073.0,167108.0,160550.0,163528.0,163915.0,157226.0,158757.0,160983.0,154180.0,157304.0,156913.0,157565.0,152093.0,152701.0,154920.0,149659.0,149827.0,152629.0,145929.0,147240.0,149488.0,141132.0,143267.0,142959.0,142992.0,135297.0,135986.0,137539.0,129927.0,130787.0,131915.0,123140.0,123318.0,124669.0,115393.0,116559.0,116951.0,118869.0,110084.0,110810.0,111674.0,102626.0,103726.0,99838.0,89447.0,90304.0,91166.0,81909.0,83084.0,82501.0,84052.0,75486.0,75929.0,77003.0,70735.0,71601.0,72483.0,66071.0,66115.0,67306.0,63239.0,62811.0,63568.0,63767.0,59993.0,59638.0,61602.0,58508.0,58483.0,59880.0,57321.0,57281.0,58912.0,56188.0,56360.0,56342.0,58081.0,56565.0,56512.0,57817.0,56309.0,56082.0,57458.0,56321.0,56203.0,56895.0,55963.0,55923.0,55627.0,173086.0,166590.5,163721.5,159870.0,157108.5,153810.5,151228.0,148364.0,143113.0,136762.5,131351.0,123993.5,116755.0,111242.0,101782.0,90735.0,82792.5,76466.0,72042.0,66710.5,63189.5,60620.0,59181.5,58096.5,56351.0,57164.5,56770.0,56549.0,55775.0
4,E,8.0,Control C4,177525.0,168681.0,170452.0,171348.0,165153.0,167625.0,168470.0,162033.0,164491.0,166099.0,159222.0,162040.0,161936.0,163162.0,156600.0,157132.0,159714.0,154217.0,155443.0,158045.0,150846.0,152667.0,155045.0,147101.0,148244.0,148905.0,148670.0,140127.0,141060.0,142221.0,134805.0,135717.0,136658.0,127442.0,128398.0,128670.0,119276.0,120292.0,119739.0,122772.0,113531.0,114143.0,115663.0,105378.0,106350.0,103072.0,91710.0,92797.0,94289.0,83570.0,84695.0,84217.0,85804.0,77135.0,78211.0,78861.0,73016.0,73478.0,74095.0,68056.0,68319.0,69051.0,64753.0,64026.0,64839.0,65334.0,61785.0,61895.0,63091.0,59876.0,60181.0,61608.0,58939.0,58886.0,60102.0,58444.0,57930.0,58302.0,60258.0,58279.0,58040.0,59356.0,58179.0,57760.0,59026.0,57664.0,57849.0,58471.0,57110.0,57189.0,56916.0,177525.0,170900.0,168047.5,165295.0,161988.0,158423.0,156744.0,153856.0,148574.5,141640.5,136187.5,128534.0,120015.5,114903.0,104711.0,93543.0,84456.0,78536.0,73786.5,68685.0,64432.5,62493.0,60894.5,59494.0,58116.0,58698.0,58393.0,58160.0,57052.5
5,G,11.0,Control C5,169715.0,162502.0,164990.0,165267.0,158647.0,161904.0,162393.0,156681.0,159119.0,159901.0,154706.0,155949.0,154663.0,155084.0,149852.0,149899.0,153087.0,146793.0,146694.0,149598.0,142736.0,142887.0,144611.0,137468.0,137479.0,137223.0,137153.0,130387.0,130725.0,131563.0,123939.0,124382.0,125271.0,116552.0,116700.0,116975.0,110343.0,110450.0,109782.0,111114.0,103858.0,104002.0,104733.0,96077.0,97136.0,93218.0,82419.0,83593.0,84421.0,75362.0,76424.0,76320.0,77072.0,70114.0,71213.0,71357.0,66311.0,67098.0,67559.0,62136.0,62616.0,63490.0,59039.0,59642.0,59446.0,60080.0,56638.0,57461.0,58478.0,55562.0,56256.0,57472.0,54864.0,55136.0,56269.0,54601.0,54610.0,55299.0,56514.0,54976.0,54721.0,56208.0,54652.0,54545.0,56469.0,55253.0,54931.0,55539.0,54331.0,53993.0,54322.0,169715.0,165128.5,162148.5,159510.0,155306.0,151493.0,148146.0,143749.0,137351.0,131144.0,124826.5,116837.5,110116.0,104367.5,95177.0,84007.0,76372.0,71285.0,67328.5,63053.0,59544.0,57969.5,56864.0,55702.5,54954.5,55464.5,55507.0,55235.0,54157.5
6,B,11.0,Negative control N,56772.0,55780.0,54918.0,55029.0,55766.0,54883.0,55626.0,56086.0,55177.0,55868.0,55978.0,55540.0,55371.0,56171.0,56174.0,55646.0,56765.0,57608.0,56891.0,58360.0,58555.0,58396.0,59625.0,59811.0,58968.0,58881.0,59340.0,59262.0,58341.0,59116.0,58766.0,58528.0,58860.0,58453.0,57769.0,58764.0,57898.0,57719.0,57814.0,59370.0,58276.0,57813.0,58631.0,57898.0,57395.0,54239.0,53263.0,53099.0,54439.0,53517.0,53413.0,53472.0,54412.0,53679.0,53490.0,53900.0,53175.0,53210.0,53888.0,53741.0,52940.0,53828.0,53451.0,53273.0,53103.0,53961.0,53086.0,52935.0,54029.0,53364.0,53197.0,53959.0,53514.0,53511.0,54749.0,54077.0,53901.0,54100.0,55324.0,54703.0,54910.0,55457.0,55576.0,55261.0,55971.0,55501.0,55471.0,56209.0,55237.0,55095.0,55390.0,56772.0,54973.5,55254.5,55522.5,55455.5,56205.5,57625.5,59010.5,58924.5,58728.5,58694.0,58266.5,57766.5,58222.0,55817.0,53769.0,53442.5,53695.0,53549.0,53384.0,53188.0,53482.0,53578.0,54130.0,54000.5,55183.5,55616.0,55840.0,55242.5
7,D,7.0,Negative control N,62453.0,62588.0,61170.0,61266.0,61774.0,60754.0,61246.0,61417.0,60723.0,61666.0,61226.0,60865.0,61023.0,61775.0,61294.0,61203.0,62550.0,62591.0,62395.0,64535.0,64585.0,64290.0,65568.0,64752.0,64134.0,64310.0,64989.0,64055.0,63434.0,65059.0,64257.0,63625.0,64382.0,63746.0,63057.0,64115.0,63412.0,63051.0,63042.0,64754.0,63678.0,63473.0,64469.0,62926.0,62685.0,59058.0,58012.0,58118.0,59031.0,58053.0,57968.0,57643.0,58513.0,57948.0,58075.0,58990.0,57707.0,57952.0,58740.0,58008.0,57587.0,58812.0,57819.0,57581.0,57719.0,58383.0,57726.0,57607.0,58460.0,57586.0,57634.0,59103.0,57675.0,57772.0,59337.0,58665.0,58378.0,58439.0,59908.0,59295.0,59360.0,60339.0,59841.0,59286.0,60855.0,59861.0,59383.0,60252.0,59796.0,59135.0,59433.0,62453.0,61218.0,61000.0,61194.5,60944.0,61876.5,63465.0,64929.0,64222.0,64246.5,64003.5,63586.0,63046.5,63971.0,60871.5,58574.5,57805.5,58532.5,58346.0,58199.5,57650.0,58033.5,58368.5,58554.5,58408.5,59849.5,60070.5,59817.5,59284.0
8,E,5.0,Negative control N,50038.0,50371.0,49306.0,49489.0,50255.0,49428.0,49853.0,50320.0,49592.0,50107.0,50124.0,49482.0,49487.0,50166.0,50382.0,49923.0,51112.0,51133.0,50793.0,53312.0,53048.0,52954.0,53578.0,53430.0,52501.0,52850.0,53281.0,52576.0,52165.0,53109.0,52665.0,52398.0,53052.0,52435.0,51732.0,52631.0,52210.0,51850.0,51705.0,53511.0,52535.0,52166.0,52910.0,52022.0,51434.0,47782.0,46995.0,46763.0,47594.0,46615.0,46484.0,46760.0,47484.0,46719.0,46929.0,47610.0,47127.0,47005.0,47717.0,46737.0,46665.0,47687.0,46695.0,46694.0,46401.0,47131.0,46523.0,46582.0,47199.0,46895.0,46849.0,47626.0,47062.0,47029.0,48163.0,47268.0,47388.0,47160.0,48662.0,48367.0,48029.0,49484.0,48331.0,48175.0,49199.0,48575.0,48442.0,49197.0,48641.0,47836.0,48162.0,50038.0,49397.5,49640.5,49849.5,49484.5,50517.5,52052.5,53266.0,52675.5,52637.0,52725.0,52181.5,51777.5,52538.0,49608.0,47178.5,46622.0,47269.5,47361.0,47176.0,46547.5,46890.5,47237.5,47596.0,47274.0,48756.5,48687.0,48819.5,47999.0
9,G,2.0,Negative control N,55981.0,57263.0,56219.0,56952.0,59719.0,59077.0,56928.0,57997.0,57016.0,57176.0,58041.0,56942.0,56949.0,58053.0,57884.0,57235.0,58883.0,58766.0,58297.0,60413.0,60707.0,60582.0,61005.0,60767.0,60194.0,60211.0,60625.0,59854.0,59820.0,60596.0,60417.0,59871.0,60750.0,59867.0,59688.0,60266.0,60938.0,59501.0,58954.0,61040.0,60877.0,59857.0,61002.0,60425.0,59601.0,55951.0,54519.0,55309.0,55808.0,54955.0,54785.0,54938.0,55809.0,54715.0,54873.0,55916.0,56506.0,56394.0,55823.0,55203.0,54711.0,55881.0,54953.0,54965.0,55208.0,55679.0,55335.0,55017.0,55989.0,55364.0,55250.0,56330.0,55694.0,55843.0,56711.0,56169.0,56371.0,56248.0,58127.0,57356.0,57177.0,58179.0,58414.0,57548.0,58481.0,58054.0,57611.0,58615.0,57881.0,57337.0,57555.0,55981.0,56585.5,58002.5,57096.0,56945.5,58059.0,59355.0,60793.5,60202.5,60208.0,60310.5,59977.0,59227.5,60429.5,57776.0,55558.5,54861.5,55394.5,56108.5,55296.0,55086.5,55503.0,55790.0,56277.0,56309.5,57678.0,58014.5,58113.0,57446.0
10,B,3.0,C1,123987.0,113922.0,114035.0,113629.0,110217.0,110900.0,111061.0,108160.0,109023.0,109744.0,105924.0,106266.0,106313.0,106250.0,102697.0,103184.0,103159.0,101170.0,101315.0,101348.0,99598.0,99650.0,99541.0,96448.0,96594.0,96276.0,95914.0,91997.0,92061.0,92501.0,88181.0,88009.0,88601.0,83541.0,83745.0,83543.0,78769.0,78657.0,78042.0,79779.0,74740.0,75099.0,75394.0,70705.0,70742.0,66501.0,60599.0,60820.0,61152.0,56282.0,57254.0,57151.0,57508.0,53695.0,53758.0,54047.0,51122.0,51350.0,51286.0,48243.0,48686.0,48607.0,46793.0,46245.0,46558.0,46888.0,44800.0,44613.0,45198.0,44139.0,43847.0,44337.0,43385.0,43377.0,43836.0,43049.0,43252.0,43282.0,43636.0,43297.0,43424.0,43712.0,43474.0,43202.0,43877.0,43624.0,43260.0,43623.0,43431.0,43045.0,43023.0,123987.0,113832.0,110980.5,109383.5,106289.5,103171.5,101331.5,99595.5,96435.0,92281.0,88305.0,83644.0,78349.5,75246.5,68621.5,60986.0,57202.5,53902.5,51318.0,48646.5,46401.5,44905.5,44092.0,43606.5,43267.0,43568.0,43539.5,43441.5,43034.0
11,B,4.0,F10,138227.0,130403.0,130961.0,131191.0,127549.0,128998.0,128798.0,125242.0,126131.0,126263.0,122781.0,124117.0,124477.0,124015.0,121015.0,121477.0,121999.0,119171.0,119536.0,120578.0,117667.0,118934.0,119679.0,115085.0,114591.0,113943.0,114518.0,109692.0,109527.0,110015.0,105287.0,105040.0,106002.0,99408.0,99447.0,100112.0,93463.0,93387.0,93512.0,95476.0,89451.0,89122.0,89977.0,83071.0,83591.0,79656.0,70598.0,71384.0,71904.0,65248.0,66056.0,65951.0,66441.0,62157.0,62660.0,63036.0,58305.0,58988.0,59019.0,54782.0,55142.0,55591.0,52748.0,52147.0,52627.0,52708.0,50628.0,50504.0,51147.0,49466.0,49875.0,49895.0,49017.0,48675.0,49404.0,48386.0,48284.0,48558.0,49134.0,49065.0,48729.0,49005.0,48804.0,48639.0,49186.0,48839.0,48878.0,48949.0,48199.0,48221.0,48381.0,138227.0,131076.0,128898.0,126197.0,124297.0,121738.0,120057.0,119306.5,114267.0,109771.0,105521.0,99779.5,93449.5,89549.5,81623.5,71644.0,66003.5,62848.0,59003.5,55366.5,52387.0,50825.5,49885.0,49039.5,48421.0,48867.0,48912.5,48913.5,48301.0
12,B,5.0,F1,134660.0,121623.0,121633.0,121812.0,117222.0,118635.0,118466.0,114951.0,116120.0,116390.0,112977.0,113356.0,113111.0,113554.0,109623.0,110455.0,111413.0,108345.0,109286.0,110240.0,106331.0,107311.0,108591.0,104344.0,104379.0,104134.0,103903.0,99265.0,100017.0,99573.0,95337.0,95894.0,96594.0,89568.0,90074.0,91312.0,85075.0,84946.0,85002.0,87135.0,82012.0,81830.0,82504.0,76983.0,76975.0,73226.0,65458.0,65932.0,66674.0,60682.0,61220.0,61136.0,61737.0,56985.0,57194.0,57745.0,53843.0,54471.0,54505.0,51026.0,51231.0,51959.0,49122.0,49383.0,49110.0,49445.0,47923.0,47283.0,48179.0,46792.0,46889.0,47304.0,46139.0,46258.0,46691.0,45956.0,46064.0,46018.0,46396.0,46459.0,46422.0,46670.0,46682.0,46327.0,46643.0,46787.0,46361.0,46805.0,46351.0,46328.0,46373.0,134660.0,121722.5,118550.5,116255.0,113233.5,110934.0,109763.0,107951.0,104256.5,99795.0,96244.0,90693.0,84974.0,82167.0,75100.5,66303.0,61178.0,57469.5,54488.0,51595.0,49246.5,47731.0,47096.5,46474.5,46041.0,46546.0,46485.0,46583.0,46350.5
13,B,6.0,G6,95316.0,90231.0,89771.0,90215.0,88555.0,88472.0,89181.0,86943.0,86994.0,87803.0,85591.0,86003.0,85800.0,86323.0,84019.0,84445.0,85368.0,83661.0,83855.0,84806.0,82816.0,83284.0,84304.0,80900.0,80980.0,80933.0,81653.0,77695.0,77656.0,78760.0,75342.0,75210.0,76245.0,71546.0,71540.0,72637.0,68320.0,68246.0,68109.0,70189.0,66366.0,65953.0,66446.0,62891.0,62621.0,58363.0,53522.0,53853.0,54672.0,51388.0,50726.0,50751.0,50992.0,48448.0,48475.0,49057.0,46375.0,45750.0,47052.0,43566.0,43328.0,43887.0,41971.0,41901.0,41391.0,41597.0,39899.0,39770.0,40677.0,39289.0,39174.0,39735.0,38750.0,38616.0,38971.0,38410.0,38285.0,38565.0,38803.0,38750.0,38744.0,38752.0,38757.0,38547.0,39028.0,38465.0,38566.0,38712.0,38250.0,37927.0,37856.0,95316.0,89993.0,88826.5,87398.5,85901.5,84906.5,84330.5,83794.0,80956.5,78208.0,75727.5,72088.5,68177.5,66199.5,60492.0,54262.5,50738.5,48766.0,46401.0,43607.5,41646.0,40223.5,39454.5,38793.5,38425.0,38748.0,38787.5,38639.0,37891.5
14,B,7.0,D1,143799.0,136803.0,137255.0,137240.0,132776.0,134349.0,134663.0,130312.0,131627.0,132686.0,128770.0,129142.0,129619.0,130080.0,125332.0,126471.0,127577.0,123866.0,124255.0,125731.0,121459.0,122730.0,124262.0,118243.0,118986.0,118831.0,118559.0,112938.0,113597.0,114345.0,108692.0,108935.0,110633.0,102695.0,103266.0,104117.0,97790.0,97364.0,97595.0,99799.0,92781.0,93254.0,94751.0,86878.0,87365.0,83591.0,74874.0,75259.0,76370.0,69494.0,70006.0,69929.0,70923.0,64567.0,65036.0,65634.0,61179.0,61542.0,62483.0,57770.0,57810.0,58517.0,55217.0,55353.0,55673.0,55794.0,53366.0,53427.0,54111.0,52437.0,52374.0,53155.0,51726.0,51675.0,52029.0,51081.0,50999.0,50940.0,51812.0,51576.0,51362.0,51645.0,51089.0,50728.0,51519.0,51254.0,51187.0,51315.0,50708.0,50486.0,50618.0,143799.0,137247.5,134506.0,132156.5,129380.5,127024.0,124993.0,123496.0,118908.5,113971.0,109784.0,103691.5,97479.5,94002.5,85478.0,75814.5,69967.5,65335.0,62012.5,58163.5,55513.0,53769.0,52764.5,51852.0,50969.5,51503.5,51123.5,51251.0,50552.0
15,B,8.0,A3,158590.0,149620.0,149927.0,151095.0,147126.0,147691.0,148296.0,143964.0,145125.0,145857.0,141965.0,142974.0,142358.0,143095.0,138765.0,139016.0,140789.0,136587.0,136768.0,138139.0,133082.0,134810.0,136605.0,129244.0,130238.0,130007.0,130949.0,123570.0,124657.0,125389.0,118969.0,119378.0,121115.0,113122.0,113551.0,114769.0,107795.0,108148.0,108234.0,110073.0,104401.0,104195.0,105112.0,97359.0,98076.0,94469.0,85450.0,85565.0,87172.0,78366.0,78079.0,79271.0,80332.0,73988.0,74145.0,75076.0,70102.0,70236.0,71436.0,66042.0,66054.0,67129.0,63566.0,63076.0,63213.0,63969.0,60499.0,60429.0,61438.0,59297.0,58973.0,59542.0,57356.0,57878.0,58210.0,56926.0,56331.0,56800.0,57249.0,56222.0,56325.0,57366.0,56012.0,55694.0,56385.0,55443.0,55341.0,55809.0,54658.0,54714.0,54584.0,158590.0,150511.0,147993.5,145491.0,142666.0,139902.5,137453.5,135707.5,130122.5,125023.0,120246.5,114160.0,108191.0,104653.5,96272.5,86368.5,78675.0,74610.5,70836.0,66591.5,63144.5,60933.5,59257.5,58044.0,56565.5,56845.5,56039.5,55575.0,54649.0
16,B,9.0,G11,139262.0,131140.0,131106.0,131861.0,127539.0,128246.0,129498.0,124950.0,126019.0,127332.0,122706.0,123630.0,123461.0,123734.0,119256.0,119945.0,121725.0,118264.0,118131.0,120346.0,116109.0,116134.0,118508.0,113636.0,113622.0,113682.0,114199.0,108037.0,108456.0,109006.0,103806.0,104430.0,105805.0,98240.0,98795.0,99653.0,93297.0,93508.0,93688.0,95487.0,88768.0,89061.0,90787.0,84069.0,83511.0,79999.0,71621.0,72323.0,73325.0,65841.0,66114.0,66253.0,67170.0,61053.0,61660.0,62445.0,58125.0,58653.0,59223.0,54649.0,54647.0,55190.0,51952.0,51913.0,52001.0,52591.0,49946.0,49379.0,50566.0,48535.0,48626.0,49066.0,47757.0,47595.0,48502.0,47261.0,47109.0,47280.0,48082.0,47531.0,47562.0,47973.0,47201.0,47187.0,48247.0,47538.0,47625.0,47870.0,46834.0,46818.0,46841.0,139262.0,131483.5,128872.0,126675.5,123545.5,120835.0,119238.5,117321.0,113652.0,108731.0,105117.5,99224.0,93598.0,89924.0,81755.0,72824.0,66183.5,62052.5,58938.0,54918.5,51957.0,49972.5,48846.0,48048.5,47194.5,47767.5,47717.0,47747.5,46829.5
17,B,10.0,B10,125131.0,120467.0,120723.0,121610.0,118369.0,119131.0,119447.0,116338.0,117168.0,118634.0,115629.0,116030.0,116476.0,117652.0,113868.0,114079.0,116153.0,113720.0,113923.0,115157.0,112323.0,113572.0,114813.0,110556.0,110515.0,109949.0,110677.0,105351.0,106208.0,107088.0,102339.0,102555.0,103457.0,97267.0,97081.0,98725.0,92681.0,93427.0,92885.0,95184.0,88724.0,89044.0,90862.0,84180.0,84497.0,80900.0,72893.0,73273.0,74684.0,67316.0,67593.0,68216.0,68920.0,63087.0,63253.0,63774.0,58771.0,59331.0,60497.0,55300.0,56103.0,56679.0,52919.0,52792.0,52977.0,53815.0,50942.0,50881.0,51710.0,49628.0,49500.0,50695.0,49016.0,48991.0,49595.0,48502.0,48508.0,48599.0,49314.0,48871.0,48940.0,49647.0,48960.0,49006.0,49344.0,48843.0,48583.0,49122.0,48608.0,48116.0,48229.0,125131.0,121166.5,119289.0,117901.0,116253.0,115116.0,114540.0,114192.5,110232.0,106648.0,103006.0,97903.0,93156.0,89953.0,82698.5,73978.5,67904.5,63513.5,59914.0,56391.0,52884.5,51295.5,50097.5,49293.0,48553.5,49293.5,49175.0,48852.5,48172.5
18,C,2.0,D2,145368.0,138630.0,138239.0,139574.0,134797.0,136435.0,138211.0,133165.0,134892.0,135812.0,131393.0,132983.0,132817.0,134212.0,129397.0,129936.0,131730.0,127625.0,128067.0,130013.0,125994.0,125596.0,128185.0,122643.0,122978.0,122362.0,123173.0,116909.0,116377.0,117928.0,112395.0,112131.0,113519.0,106498.0,105988.0,106415.0,100017.0,100077.0,99666.0,101913.0,94272.0,94707.0,95805.0,88481.0,89351.0,85502.0,76949.0,77536.0,78045.0,71192.0,71600.0,71464.0,72388.0,66178.0,66397.0,66961.0,61793.0,62398.0,63318.0,57733.0,58313.0,59254.0,55491.0,55498.0,55538.0,56339.0,53096.0,52974.0,54244.0,52086.0,51842.0,53113.0,51101.0,51331.0,51892.0,50944.0,50647.0,50931.0,52478.0,50962.0,51187.0,51816.0,50739.0,50849.0,51963.0,51189.0,50654.0,51378.0,50188.0,50380.0,50340.0,145368.0,138906.5,137323.0,135352.0,132900.0,130833.0,129040.0,126890.5,122670.0,117152.5,112825.0,106201.5,99871.5,95256.0,87426.5,77790.5,71532.0,66679.0,62858.0,58783.5,55518.0,53609.0,52477.5,51611.5,50789.0,51501.5,51406.0,51016.0,50360.0
19,C,3.0,B2,145095.0,131431.0,131964.0,132480.0,128735.0,129477.0,131499.0,126445.0,128353.0,129561.0,124642.0,126993.0,126787.0,127959.0,122269.0,124483.0,126026.0,121055.0,122216.0,124712.0,119923.0,121193.0,123192.0,118603.0,118798.0,118927.0,119285.0,113599.0,114585.0,116154.0,110447.0,111006.0,112850.0,105750.0,106041.0,107480.0,101075.0,101753.0,101877.0,103849.0,97920.0,98787.0,99718.0,92747.0,93338.0,89388.0,80951.0,81833.0,83104.0,75540.0,76483.0,76498.0,77681.0,70814.0,71239.0,72243.0,67259.0,67476.0,68649.0,62900.0,62873.0,64180.0,60120.0,59764.0,59987.0,60175.0,56708.0,56732.0,58104.0,55209.0,55053.0,56384.0,53825.0,53836.0,54655.0,52800.0,52946.0,52849.0,54300.0,52152.0,52553.0,53632.0,52221.0,52154.0,53405.0,51795.0,51900.0,52362.0,51410.0,51100.0,50961.0,145095.0,132222.0,130488.0,128957.0,126890.0,125254.5,123464.0,122192.5,118862.5,115369.5,111928.0,106760.5,101815.0,99252.5,91363.0,82468.5,76490.5,71741.0,68062.5,63526.5,59875.5,57418.0,55718.5,54245.5,52897.5,53092.5,52779.5,52131.0,51030.5
20,C,4.0,C3,173070.0,164912.0,166261.0,166914.0,161578.0,162770.0,163850.0,157506.0,159801.0,161669.0,155240.0,157151.0,157035.0,157663.0,150919.0,152916.0,155531.0,149125.0,150284.0,153004.0,147828.0,147714.0,150413.0,143052.0,143618.0,143390.0,144392.0,135919.0,136733.0,138529.0,131718.0,130824.0,133569.0,122751.0,123424.0,124623.0,117317.0,116905.0,116955.0,119482.0,110093.0,111246.0,111780.0,103974.0,103967.0,100886.0,89384.0,90807.0,91993.0,82546.0,83144.0,83289.0,85086.0,76312.0,76916.0,78203.0,71772.0,71738.0,73287.0,66910.0,67155.0,67989.0,63996.0,63424.0,63953.0,64265.0,60582.0,60325.0,62224.0,59127.0,59278.0,60330.0,58124.0,58320.0,58906.0,57545.0,57647.0,57001.0,58992.0,57403.0,57428.0,58620.0,57482.0,57261.0,58557.0,56842.0,57074.0,57693.0,56874.0,56410.0,56687.0,173070.0,166587.5,163310.0,160735.0,157093.0,154223.5,151644.0,149063.5,143504.0,137631.0,132196.5,124023.5,116930.0,111513.0,102426.5,91400.0,83216.5,77559.5,72512.5,67572.0,63688.5,61274.5,59804.0,58613.0,57324.0,58024.0,57909.0,57383.5,56548.5
21,C,5.0,G12,149515.0,129096.0,129714.0,132614.0,127619.0,128673.0,128570.0,125836.0,126213.0,128097.0,122924.0,123738.0,123546.0,125108.0,120705.0,121222.0,123813.0,120223.0,120380.0,122505.0,118527.0,118595.0,121346.0,116458.0,117049.0,117578.0,117615.0,111587.0,112793.0,114230.0,108180.0,108442.0,111257.0,104866.0,104617.0,105820.0,99844.0,100177.0,100605.0,104007.0,96676.0,96916.0,97455.0,91506.0,92747.0,87539.0,80141.0,79442.0,81383.0,74214.0,75188.0,74615.0,77389.0,69028.0,69701.0,70301.0,65664.0,66182.0,66982.0,61239.0,62242.0,62820.0,58346.0,59498.0,58476.0,59539.0,56018.0,56697.0,58069.0,53725.0,53952.0,55799.0,52427.0,52299.0,53580.0,51264.0,50845.0,51342.0,53128.0,50856.0,50752.0,51439.0,49941.0,49652.0,50444.0,49147.0,49334.0,49370.0,48546.0,48485.0,48515.0,149515.0,131164.0,128621.5,127155.0,123642.0,122517.5,121442.5,119970.5,117313.5,113511.5,109849.5,105218.5,100391.0,97185.5,90143.0,80412.5,74901.5,70001.0,66582.0,62531.0,58987.0,57383.0,54875.5,52939.5,51093.5,51095.5,50048.0,49352.0,48500.0
22,C,6.0,F9,138511.0,132288.0,132318.0,133253.0,128567.0,129710.0,130707.0,126362.0,127847.0,128988.0,124318.0,125953.0,125417.0,126560.0,121874.0,123182.0,124717.0,120829.0,121403.0,123479.0,117874.0,119370.0,121707.0,115699.0,116435.0,116407.0,116273.0,110407.0,111125.0,112628.0,106130.0,107430.0,109078.0,101312.0,102157.0,103363.0,96881.0,97673.0,96819.0,99606.0,91876.0,93143.0,93775.0,86409.0,87050.0,83504.0,74314.0,75501.0,76508.0,69281.0,69762.0,69929.0,71123.0,64674.0,64951.0,66042.0,60694.0,60842.0,61894.0,56645.0,57179.0,58176.0,54492.0,53765.0,54010.0,54993.0,51599.0,51637.0,53011.0,51111.0,50707.0,51524.0,49663.0,49261.0,50545.0,48971.0,49311.0,49057.0,50250.0,49073.0,49226.0,50399.0,49271.0,49410.0,50164.0,49097.0,49212.0,49622.0,48948.0,48700.0,48823.0,138511.0,132785.5,130208.5,128417.5,125685.0,123949.5,122441.0,120538.5,116421.0,111876.5,108254.0,102760.0,97246.0,93459.0,85277.0,76004.5,69845.5,65496.5,61368.0,57677.5,53887.5,52324.0,51115.5,49903.0,49184.0,49812.5,49787.0,49417.0,48761.5
23,C,7.0,E11,188745.0,177431.0,177596.0,179048.0,174225.0,174187.0,176218.0,171413.0,172930.0,174097.0,168862.0,169460.0,168623.0,172834.0,164822.0,166387.0,168059.0,161905.0,164853.0,167105.0,159931.0,162527.0,163953.0,158163.0,157320.0,157055.0,158977.0,150072.0,153095.0,153774.0,145557.0,145839.0,147822.0,137583.0,138668.0,141444.0,131693.0,132085.0,131706.0,136853.0,126191.0,126496.0,127924.0,118062.0,119041.0,116757.0,102746.0,103730.0,106129.0,94713.0,95553.0,95746.0,96983.0,88376.0,89320.0,90392.0,82089.0,82670.0,84660.0,76494.0,77102.0,79429.0,73338.0,72874.0,73271.0,74503.0,69945.0,69811.0,73197.0,68633.0,68930.0,70510.0,67251.0,67112.0,68450.0,66188.0,65955.0,65953.0,68164.0,66252.0,66218.0,67462.0,66003.0,65472.0,66906.0,65450.0,65571.0,66138.0,64979.0,65004.0,64718.0,188745.0,178322.0,175202.5,173513.5,169041.5,167223.0,165979.0,163240.0,157187.5,153434.5,146830.5,140056.0,131895.5,127210.0,117899.0,104929.5,95649.5,89856.0,83665.0,78265.5,73072.5,71504.0,69720.0,67781.0,65954.0,66840.0,66189.0,65854.5,64861.0
24,C,8.0,B4,162611.0,153349.0,153267.0,153639.0,149480.0,150170.0,151004.0,146573.0,148045.0,149165.0,145288.0,145354.0,145533.0,146325.0,141787.0,141652.0,143256.0,139987.0,139590.0,141409.0,136662.0,137583.0,138825.0,133704.0,132886.0,132162.0,133110.0,126862.0,125963.0,127420.0,120977.0,120777.0,122713.0,113494.0,114487.0,115571.0,107330.0,108240.0,108107.0,110719.0,100659.0,101561.0,102280.0,94486.0,94685.0,91971.0,82312.0,82959.0,84161.0,75307.0,76212.0,76390.0,77529.0,70071.0,70732.0,72049.0,66693.0,67124.0,68368.0,62712.0,63202.0,64095.0,59737.0,59270.0,59523.0,60482.0,57347.0,57382.0,58786.0,56586.0,55867.0,57403.0,55407.0,55313.0,56224.0,55078.0,54971.0,54826.0,56056.0,54697.0,54926.0,55539.0,54421.0,54445.0,55526.0,54394.0,54306.0,55162.0,54090.0,54096.0,53852.0,162611.0,153453.0,150587.0,148605.0,145443.5,142454.0,140499.5,138204.0,132524.0,126691.5,121745.0,115029.0,108173.5,101920.5,93328.0,83560.0,76301.0,71390.5,67746.0,63648.5,59396.5,58084.0,56635.0,55768.5,54898.5,55232.5,54985.5,54734.0,53974.0
25,C,9.0,H3,122971.0,116167.0,116829.0,116919.0,113481.0,114335.0,115217.0,111859.0,112322.0,114371.0,109827.0,111155.0,111227.0,111988.0,108307.0,109099.0,110444.0,107106.0,108639.0,109491.0,105761.0,107604.0,108744.0,104525.0,104685.0,104854.0,104801.0,100520.0,100363.0,101805.0,95759.0,96484.0,98209.0,91965.0,92552.0,93204.0,87445.0,87641.0,88036.0,89609.0,83741.0,83615.0,84929.0,78689.0,78725.0,74928.0,67011.0,67426.0,68546.0,61252.0,61906.0,62371.0,63150.0,57193.0,57904.0,58451.0,53964.0,54229.0,54758.0,49714.0,49924.0,50960.0,47419.0,47486.0,47764.0,48310.0,45358.0,45210.0,46648.0,44309.0,44202.0,45190.0,43491.0,43710.0,44461.0,43127.0,43235.0,43306.0,44235.0,43438.0,43372.0,44229.0,43413.0,43212.0,43996.0,43483.0,43086.0,43559.0,42936.0,42892.0,42921.0,122971.0,116874.0,114776.0,113346.5,111191.0,109771.5,109065.0,108174.0,104769.5,101084.0,97346.5,92878.0,87838.5,84272.0,76826.5,67986.0,62138.5,58177.5,54493.5,50442.0,47625.0,45929.0,44696.0,44085.5,43270.5,43800.5,43604.0,43322.5,42906.5
26,C,10.0,F7,148877.0,140311.0,139088.0,141727.0,137237.0,137446.0,139155.0,135065.0,135555.0,138817.0,132675.0,133352.0,133746.0,137214.0,129702.0,130499.0,134131.0,129000.0,129525.0,131732.0,127155.0,127599.0,130151.0,124271.0,125527.0,123328.0,125458.0,117768.0,117705.0,120777.0,112359.0,113715.0,116783.0,106117.0,107183.0,109205.0,100976.0,101466.0,101251.0,104575.0,96378.0,96925.0,98108.0,91305.0,90693.0,89531.0,78364.0,78862.0,80588.0,73186.0,74240.0,73882.0,74999.0,67743.0,68306.0,69472.0,64039.0,64866.0,65791.0,60621.0,60871.0,62606.0,58348.0,58105.0,59104.0,59751.0,57218.0,56634.0,59082.0,56199.0,56149.0,57722.0,55207.0,55190.0,56199.0,53851.0,53656.0,53656.0,55049.0,53956.0,53942.0,54564.0,53847.0,53854.0,54686.0,53566.0,53711.0,54031.0,53396.0,53131.0,52890.0,148877.0,140407.5,138300.5,137186.0,133549.0,132315.0,130628.5,128875.0,124427.5,119241.0,115249.0,108194.0,101358.5,97516.5,90112.0,79725.0,74061.0,68889.0,65328.5,61738.5,58604.5,57858.0,56935.5,55694.5,53656.0,54253.0,54270.0,53871.0,53010.5
27,C,11.0,G8,82620.0,78471.0,78711.0,79032.0,77282.0,77775.0,78691.0,76692.0,76334.0,76825.0,75106.0,75713.0,75890.0,76267.0,74868.0,73983.0,75776.0,75046.0,75226.0,76425.0,74916.0,75130.0,76703.0,74294.0,73869.0,73853.0,74932.0,71462.0,71721.0,72569.0,69930.0,69307.0,70145.0,67006.0,66093.0,67452.0,64241.0,63727.0,63370.0,65247.0,61333.0,61839.0,62966.0,58693.0,59039.0,55230.0,49934.0,50444.0,51088.0,46700.0,47383.0,46884.0,48204.0,44433.0,44262.0,45417.0,41454.0,41765.0,41991.0,38730.0,38577.0,39446.0,36920.0,37299.0,37021.0,37563.0,35395.0,35517.0,36134.0,34609.0,34865.0,35366.0,33938.0,34101.0,34628.0,34077.0,33700.0,34031.0,34598.0,34412.0,34374.0,35190.0,34625.0,34355.0,35119.0,34379.0,34639.0,34877.0,34277.0,34161.0,34098.0,82620.0,78871.5,78233.0,76579.5,75801.5,74879.5,75825.5,75916.5,73861.0,72145.0,69726.0,66772.5,63548.5,62402.5,57134.5,50766.0,47133.5,44839.5,41878.0,39011.5,37160.0,35825.5,35115.5,34364.5,33865.5,34782.0,34737.0,34758.0,34129.5
28,D,2.0,H1,136264.0,117768.0,119796.0,123068.0,122241.0,121448.0,124279.0,117325.0,118607.0,124550.0,116585.0,119526.0,116998.0,119888.0,115071.0,113086.0,117683.0,111786.0,114408.0,118326.0,112521.0,111136.0,114253.0,109600.0,109778.0,108254.0,108837.0,104822.0,101786.0,109217.0,101908.0,102380.0,106294.0,93492.0,97887.0,98408.0,89072.0,89366.0,89373.0,94387.0,85476.0,87617.0,91025.0,85488.0,83119.0,81242.0,73763.0,73519.0,77478.0,68438.0,67553.0,67196.0,71176.0,61821.0,63330.0,68570.0,59477.0,60736.0,60559.0,56004.0,56457.0,57664.0,53355.0,57633.0,53056.0,55773.0,51005.0,52205.0,56944.0,49452.0,52835.0,53459.0,49107.0,50081.0,50349.0,48124.0,48458.0,49616.0,50903.0,47795.0,47982.0,48578.0,48987.0,48832.0,49807.0,48324.0,47854.0,48240.0,46003.0,46011.0,46016.0,136264.0,121432.0,122863.5,121578.5,118262.0,115384.5,116367.0,112694.5,109016.0,105501.5,104337.0,98147.5,89369.5,89321.0,82180.5,75498.5,67374.5,65950.0,60647.5,57060.5,55344.5,54574.5,53147.0,50215.0,49037.0,48280.0,49319.5,48047.0,46013.5
29,D,3.0,F6,190513.0,181659.0,182538.0,183949.0,177079.0,178630.0,180363.0,173009.0,175821.0,177354.0,170894.0,173078.0,173385.0,173650.0,166984.0,169102.0,170777.0,164382.0,165746.0,168774.0,162371.0,163289.0,165288.0,158125.0,158321.0,157779.0,158734.0,150603.0,150829.0,152572.0,144725.0,144504.0,146397.0,136069.0,136738.0,138030.0,127521.0,128725.0,128948.0,131099.0,120494.0,121152.0,122357.0,112404.0,112471.0,109621.0,97267.0,98236.0,100030.0,88915.0,89255.0,90094.0,90862.0,82037.0,82810.0,84177.0,77113.0,77697.0,79081.0,72478.0,72291.0,73598.0,68952.0,68560.0,69214.0,70130.0,65976.0,65664.0,67564.0,64700.0,64329.0,66055.0,63370.0,63158.0,64286.0,62289.0,62261.0,62491.0,64276.0,62516.0,62216.0,63479.0,62851.0,62456.0,63413.0,62287.0,62506.0,63003.0,61943.0,61747.0,61759.0,190513.0,183243.5,179496.5,176587.5,173231.5,169939.5,167260.0,164288.5,158050.0,151700.5,145450.5,137384.0,128836.5,121754.5,111046.0,99133.0,89674.5,83493.5,78389.0,72944.5,68887.0,66614.0,65192.0,63722.0,62376.0,62847.5,62934.5,62754.5,61753.0
30,D,4.0,A1,173521.0,163999.0,164950.0,165711.0,159905.0,161752.0,163231.0,156304.0,159321.0,160839.0,153533.0,155850.0,156210.0,156653.0,148532.0,151040.0,153251.0,146550.0,147866.0,150410.0,142242.0,144340.0,146645.0,137845.0,139018.0,139042.0,139925.0,129527.0,131550.0,132567.0,124328.0,125441.0,126361.0,116089.0,118300.0,118619.0,109274.0,110052.0,109809.0,112509.0,103938.0,104208.0,106306.0,96569.0,97276.0,94673.0,83160.0,84347.0,85586.0,77082.0,77560.0,77826.0,78626.0,71971.0,72143.0,73808.0,68522.0,68359.0,69876.0,64259.0,64650.0,65660.0,62349.0,61651.0,62303.0,63002.0,60160.0,59826.0,61256.0,58996.0,58691.0,60069.0,58069.0,58413.0,58911.0,57961.0,57470.0,58066.0,59816.0,58427.0,58034.0,59157.0,58219.0,58235.0,59490.0,58531.0,58307.0,58948.0,58199.0,57977.0,57441.0,173521.0,165330.5,162491.5,160080.0,156030.0,152145.5,149138.0,145492.5,139030.0,132058.5,125901.0,118459.5,109930.5,105257.0,95974.5,84966.5,77693.0,72975.5,69117.5,65155.0,61977.0,60541.0,59380.0,58662.0,57768.0,58595.5,58862.5,58627.5,57709.0
31,D,5.0,E2,152094.0,136800.0,137373.0,137600.0,131883.0,134109.0,136158.0,130025.0,131959.0,133265.0,127417.0,129575.0,130066.0,130811.0,124815.0,126750.0,129367.0,123279.0,126062.0,127906.0,122556.0,125044.0,126831.0,119420.0,120913.0,121638.0,121886.0,115480.0,116665.0,118261.0,112033.0,113064.0,114886.0,107410.0,108886.0,109738.0,103326.0,103928.0,103885.0,106459.0,99345.0,100753.0,102154.0,93829.0,95223.0,91871.0,82927.0,83818.0,85164.0,77194.0,77899.0,77901.0,79429.0,72241.0,73093.0,73949.0,68054.0,68481.0,69696.0,63905.0,64358.0,65045.0,61015.0,61043.0,61538.0,62281.0,58700.0,57959.0,60094.0,56885.0,56493.0,57587.0,55000.0,55197.0,56197.0,54477.0,54203.0,54010.0,55647.0,54200.0,53712.0,55086.0,53416.0,53180.0,54416.0,53133.0,52768.0,53552.0,52509.0,52214.0,52173.0,152094.0,137486.5,135133.5,132612.0,129820.5,128058.5,126984.0,125937.5,121275.5,117463.0,113975.0,109312.0,103906.5,101453.5,93547.0,84491.0,77900.0,73521.0,69088.5,64701.5,61290.5,59026.5,57040.0,55697.0,54106.5,54399.0,53798.0,53160.0,52193.5
32,D,6.0,D6,22031.0,23688.0,23418.0,24788.0,24889.0,25115.0,25759.0,23728.0,23663.0,24326.0,21794.0,21624.0,21497.0,22006.0,21135.0,20950.0,21643.0,18947.0,18869.0,19453.0,17659.0,17827.0,18238.0,16843.0,16766.0,17246.0,17763.0,16388.0,16209.0,16773.0,16077.0,16239.0,16657.0,19016.0,19199.0,19342.0,18831.0,18521.0,18263.0,18991.0,18992.0,18707.0,19020.0,18806.0,18546.0,13749.0,13436.0,13366.0,13504.0,13437.0,13309.0,13368.0,13554.0,13415.0,13408.0,13638.0,13389.0,13464.0,13609.0,13483.0,13366.0,13679.0,13330.0,13415.0,13341.0,13600.0,13492.0,13469.0,13692.0,13749.0,13660.0,14101.0,14174.0,14211.0,14592.0,14572.0,14564.0,14586.0,15415.0,15681.0,15308.0,15971.0,16165.0,15980.0,16474.0,16474.0,16249.0,16719.0,16313.0,16209.0,16282.0,22031.0,24103.0,25437.0,23994.5,21560.5,21296.5,19161.0,18032.5,17006.0,16491.0,16448.0,19270.5,18392.0,18863.5,16147.5,13435.0,13338.5,13523.0,13536.5,13522.5,13378.0,13580.5,13880.5,14401.5,14575.0,15639.5,16227.0,16484.0,16245.5
33,D,8.0,G5,244714.0,232500.0,234733.0,235511.0,228112.0,229888.0,233808.0,225598.0,227450.0,230878.0,220451.0,224114.0,224520.0,227708.0,216890.0,219393.0,223742.0,214386.0,215539.0,221139.0,212010.0,213254.0,216580.0,207501.0,208348.0,207258.0,208802.0,198163.0,199520.0,202936.0,192104.0,192364.0,195944.0,181570.0,183012.0,186132.0,171030.0,174145.0,173827.0,177953.0,164243.0,166352.0,168509.0,152778.0,154234.0,153067.0,134621.0,135551.0,138810.0,123016.0,124530.0,124749.0,126989.0,113413.0,114237.0,116540.0,105717.0,105534.0,108342.0,97436.0,98119.0,99140.0,91669.0,91199.0,92295.0,93250.0,86640.0,86218.0,88778.0,83599.0,83493.0,85558.0,81118.0,81857.0,82657.0,79729.0,79355.0,79268.0,82117.0,78730.0,79126.0,80444.0,78572.0,77962.0,80278.0,77931.0,77677.0,79231.0,77279.0,76827.0,77127.0,244714.0,235122.0,231848.0,229164.0,224317.0,221567.5,218339.0,214917.0,207803.0,201228.0,194154.0,184572.0,173986.0,167430.5,153650.5,137180.5,124639.5,115388.5,106938.0,98629.5,91747.0,87498.0,84525.5,82257.0,79311.5,79785.0,79120.0,78454.0,76977.0
34,D,9.0,G4,104723.0,99683.0,100359.0,101616.0,96821.0,97913.0,99560.0,95085.0,96365.0,98039.0,94236.0,95545.0,95547.0,96550.0,91964.0,92906.0,95089.0,91909.0,92241.0,94838.0,91147.0,91110.0,93439.0,89763.0,89042.0,89694.0,90299.0,86053.0,86019.0,87447.0,83205.0,83427.0,84514.0,79364.0,79267.0,80462.0,75729.0,75784.0,75804.0,77226.0,71702.0,71974.0,72707.0,67909.0,67868.0,64018.0,57242.0,57938.0,58980.0,53394.0,53500.0,53665.0,54285.0,49717.0,50303.0,50991.0,47108.0,47262.0,47757.0,43865.0,44071.0,44865.0,41580.0,41809.0,42279.0,42591.0,40342.0,39987.0,41266.0,39320.0,39169.0,40116.0,38828.0,39000.0,39547.0,38641.0,38393.0,38522.0,39842.0,38760.0,38828.0,39516.0,38852.0,38811.0,39950.0,39425.0,39004.0,39401.0,38860.0,38654.0,38971.0,104723.0,100987.5,98736.5,97202.0,95546.0,93997.5,93539.5,92274.5,89368.0,86733.0,83970.5,79864.5,75794.0,72340.5,65943.0,58459.0,53582.5,50647.0,47509.5,44468.0,42044.0,40626.5,39642.5,39273.5,38457.5,39172.0,39380.5,39202.5,38812.5
35,D,10.0,G2,146805.0,140611.0,140678.0,141126.0,137440.0,139044.0,139932.0,136284.0,137182.0,139061.0,135351.0,135196.0,135141.0,136789.0,132378.0,132230.0,134751.0,129887.0,130123.0,132723.0,127256.0,127448.0,130079.0,122942.0,122598.0,123159.0,123645.0,117442.0,116783.0,118150.0,112128.0,111905.0,113492.0,105496.0,105645.0,106746.0,100004.0,100290.0,100134.0,102265.0,95136.0,95602.0,96646.0,89081.0,89615.0,86104.0,77122.0,78490.0,79158.0,71111.0,71785.0,71667.0,73316.0,65966.0,66806.0,67615.0,61833.0,62425.0,63515.0,58167.0,58188.0,59860.0,55665.0,55545.0,55897.0,56447.0,53376.0,53065.0,54483.0,51643.0,51643.0,52867.0,50033.0,50454.0,51365.0,49995.0,49696.0,49930.0,51524.0,49955.0,49780.0,50785.0,49584.0,49173.0,50552.0,49484.0,49197.0,49810.0,49279.0,48510.0,48556.0,146805.0,140902.0,139488.0,138121.5,135168.5,133490.5,131423.0,128763.5,122878.5,117466.5,112698.5,106195.5,100212.0,96124.0,87859.5,78824.0,71726.0,67210.5,62970.0,59024.0,55721.0,53774.0,52255.0,50909.5,49813.0,50282.5,49862.5,49503.5,48533.0
36,D,11.0,H6,138606.0,133366.0,133394.0,134716.0,130434.0,132325.0,133537.0,128924.0,129894.0,131910.0,127527.0,128714.0,128554.0,129902.0,125089.0,125752.0,127900.0,123553.0,124563.0,127254.0,121686.0,123570.0,125345.0,120121.0,120031.0,119459.0,120323.0,114298.0,114389.0,115538.0,109985.0,110333.0,111676.0,104382.0,105293.0,106884.0,99366.0,100030.0,99796.0,102034.0,95213.0,96088.0,97400.0,89617.0,90339.0,86994.0,77756.0,78330.0,80058.0,72218.0,72839.0,72438.0,73821.0,67032.0,67639.0,68985.0,63555.0,63539.0,64663.0,59460.0,59260.0,60572.0,56776.0,56588.0,56760.0,57654.0,54586.0,54058.0,56002.0,53646.0,53700.0,54876.0,52314.0,52556.0,53664.0,51913.0,51684.0,51597.0,53527.0,52081.0,51943.0,53205.0,52137.0,51791.0,53309.0,51929.0,51643.0,52806.0,51436.0,51524.0,51429.0,138606.0,134055.0,132931.0,130902.0,128634.0,126826.0,125908.5,124457.5,119745.0,114963.5,111004.5,106088.5,99913.0,96744.0,88666.5,79194.0,72638.5,68312.0,64101.0,59916.0,56674.0,55030.0,54288.0,53110.0,51640.5,52574.0,52550.0,52224.5,51476.5
37,E,2.0,G9,132034.0,126377.0,127492.0,128184.0,124432.0,125758.0,125982.0,121360.0,122955.0,122937.0,120438.0,120712.0,120489.0,121315.0,116976.0,117056.0,118472.0,114906.0,114814.0,117456.0,113753.0,113735.0,115392.0,109259.0,109961.0,109535.0,110189.0,103809.0,104782.0,105647.0,100410.0,100812.0,101432.0,94579.0,95059.0,96066.0,88440.0,89509.0,89175.0,91010.0,84038.0,85234.0,85536.0,79526.0,79948.0,75823.0,67121.0,67740.0,68268.0,61413.0,61631.0,62486.0,63469.0,57648.0,58160.0,58993.0,54555.0,54722.0,55739.0,51429.0,51156.0,52287.0,49016.0,48881.0,49241.0,49622.0,47157.0,46926.0,48215.0,46158.0,45923.0,47599.0,45334.0,45632.0,46435.0,45498.0,45593.0,45560.0,47206.0,45828.0,45891.0,46864.0,45971.0,45924.0,46931.0,45676.0,45901.0,46161.0,45533.0,45766.0,45558.0,132034.0,127838.0,125870.0,122946.0,120600.5,117764.0,116135.0,114563.5,109748.0,105214.5,101122.0,95562.5,89342.0,85385.0,77885.5,68004.0,62058.5,58576.5,55230.5,51721.5,49061.0,47570.5,46761.0,46033.5,45576.5,46377.5,46427.5,46031.0,45662.0
38,E,3.0,D11,127789.0,121473.0,122319.0,123874.0,118090.0,120521.0,121184.0,115407.0,117093.0,119619.0,113017.0,115735.0,116397.0,116840.0,110956.0,112949.0,114399.0,109876.0,111380.0,113797.0,108685.0,110030.0,111384.0,104813.0,106430.0,106084.0,106359.0,99999.0,100979.0,102178.0,96278.0,96636.0,98449.0,90970.0,91913.0,93032.0,85051.0,86757.0,86695.0,88786.0,82339.0,83355.0,84017.0,77911.0,78285.0,74712.0,67221.0,67996.0,69019.0,62376.0,62715.0,63231.0,63943.0,58812.0,59261.0,60001.0,55870.0,56251.0,57193.0,52874.0,52952.0,54079.0,50630.0,50632.0,50937.0,51582.0,48838.0,48642.0,49890.0,47622.0,47711.0,48827.0,46720.0,46896.0,47750.0,46375.0,46159.0,46279.0,47923.0,46435.0,46569.0,47383.0,46054.0,45759.0,46980.0,46404.0,46016.0,46370.0,45842.0,45750.0,45663.0,127789.0,123096.5,120852.5,118356.0,116066.0,113674.0,112588.5,110707.0,106257.0,101578.5,97542.5,92472.5,86726.0,83686.0,76498.5,68507.5,62973.0,59631.0,56722.0,53515.5,50784.5,49266.0,48269.0,47323.0,46219.0,46976.0,46369.5,46193.0,45706.5
39,E,4.0,B7,154314.0,146821.0,148636.0,149712.0,143144.0,145503.0,147442.0,140171.0,142980.0,144936.0,137194.0,140347.0,141319.0,141671.0,134576.0,137340.0,139386.0,132507.0,135400.0,138148.0,130319.0,133008.0,136116.0,127430.0,129491.0,129599.0,130138.0,121290.0,123550.0,125057.0,117340.0,119137.0,120467.0,112020.0,113412.0,114128.0,106231.0,107215.0,106808.0,110286.0,100948.0,102437.0,103178.0,95157.0,96108.0,92328.0,82049.0,83618.0,84822.0,76256.0,76970.0,76879.0,78323.0,70839.0,71142.0,71627.0,66059.0,66809.0,67718.0,61231.0,61813.0,63023.0,58564.0,58748.0,59105.0,59749.0,56181.0,55922.0,57485.0,54812.0,54573.0,55601.0,53485.0,53534.0,54450.0,53330.0,53071.0,52527.0,54528.0,52829.0,52990.0,54125.0,52756.0,52715.0,53721.0,52649.0,52529.0,53118.0,52554.0,52064.0,51914.0,154314.0,149174.0,146472.5,143958.0,140833.0,138363.0,136774.0,134562.0,129545.0,124303.5,119802.0,113770.0,107011.5,102807.5,94218.0,84220.0,76924.5,71384.5,67263.5,62418.0,58926.5,56703.5,55087.0,53992.0,52799.0,53557.5,53218.0,52823.5,51989.0
40,E,9.0,E4,86332.0,82718.0,82432.0,83662.0,80993.0,81223.0,82297.0,79289.0,80037.0,81628.0,77627.0,79249.0,78821.0,79821.0,75618.0,77236.0,78269.0,74609.0,76214.0,78570.0,75156.0,75387.0,76867.0,73369.0,73808.0,73550.0,73755.0,70527.0,70675.0,71405.0,68092.0,68190.0,68521.0,64680.0,64561.0,65179.0,61728.0,62004.0,61305.0,62686.0,58856.0,58816.0,59359.0,55765.0,56123.0,52037.0,47466.0,48034.0,48305.0,44433.0,44911.0,44698.0,45651.0,42584.0,42891.0,43670.0,41243.0,41506.0,42303.0,39827.0,39658.0,41025.0,38990.0,38926.0,39323.0,39746.0,38083.0,38033.0,39462.0,38276.0,38023.0,39110.0,38073.0,38299.0,38762.0,38358.0,38238.0,37846.0,39816.0,38916.0,38874.0,39560.0,39125.0,39068.0,39933.0,39484.0,39249.0,39757.0,39412.0,39221.0,38927.0,86332.0,83047.0,81760.0,80832.5,79035.0,77752.5,77392.0,76127.0,73679.0,71040.0,68355.5,64870.0,61654.5,59087.5,54080.0,48169.5,44804.5,43280.5,41904.5,40341.5,39124.5,38747.5,38566.5,38530.5,38042.0,39217.0,39500.5,39503.0,39074.0
41,E,10.0,F2,200914.0,190927.0,192649.0,192756.0,186147.0,188928.0,190499.0,184322.0,186061.0,187546.0,180925.0,181690.0,182900.0,183305.0,176118.0,176551.0,179773.0,171931.0,172663.0,176230.0,167684.0,168756.0,171639.0,162370.0,162669.0,162902.0,163370.0,153449.0,153207.0,155633.0,146445.0,145935.0,147836.0,136824.0,137767.0,139069.0,128958.0,129286.0,129082.0,131555.0,122656.0,122998.0,124565.0,114946.0,115353.0,112150.0,100104.0,101106.0,102493.0,92797.0,93332.0,93624.0,94959.0,87096.0,87955.0,89165.0,83040.0,83374.0,84469.0,78242.0,78189.0,79175.0,74817.0,74737.0,75479.0,76341.0,71754.0,71382.0,73034.0,69691.0,69586.0,71051.0,68359.0,68225.0,69365.0,66982.0,66998.0,67242.0,68957.0,66828.0,67048.0,68243.0,66259.0,65553.0,67325.0,65265.0,65386.0,66252.0,64848.0,64773.0,64546.0,200914.0,192702.5,189713.5,186803.5,182295.0,178162.0,174446.5,170197.5,162785.5,154420.0,146885.5,138418.0,129184.0,123781.5,113751.5,101799.5,93478.0,88560.0,83921.5,78682.0,75108.0,72208.0,70318.5,68795.0,67120.0,67645.5,66439.0,65819.0,64659.5
42,E,11.0,H2,144365.0,138062.0,138478.0,139646.0,135152.0,137141.0,137477.0,132966.0,135521.0,137337.0,132742.0,133579.0,133925.0,134835.0,130176.0,131412.0,133337.0,129670.0,130260.0,133668.0,128919.0,129480.0,131556.0,126272.0,126495.0,126099.0,126361.0,121651.0,121220.0,123053.0,117504.0,117711.0,119039.0,112198.0,112622.0,114019.0,107045.0,107143.0,106879.0,109450.0,103136.0,103651.0,104528.0,96884.0,96872.0,93816.0,84113.0,85231.0,86102.0,78299.0,79286.0,79407.0,80659.0,73174.0,74025.0,75019.0,69483.0,70103.0,70916.0,65156.0,65935.0,66272.0,61727.0,62031.0,62646.0,62500.0,58856.0,59048.0,60141.0,57259.0,57199.0,58709.0,55498.0,55406.0,56549.0,54463.0,54382.0,54483.0,55648.0,53749.0,53253.0,54830.0,53279.0,52932.0,54191.0,52367.0,52157.0,52584.0,51503.0,51296.0,51194.0,144365.0,139062.0,137309.0,136429.0,133752.0,132374.5,131964.0,130518.0,126297.0,122136.5,118375.0,113320.5,107011.0,104089.5,95344.0,85666.5,79346.5,74522.0,70509.5,66103.5,62338.5,59594.5,57954.0,55977.5,54432.5,54041.5,53561.5,52370.5,51245.0
43,F,2.0,F5,151870.0,144927.0,145182.0,149531.0,142703.0,143811.0,147296.0,141088.0,142697.0,144938.0,138609.0,139706.0,139773.0,142894.0,135284.0,136787.0,140687.0,134153.0,135367.0,140059.0,133247.0,134430.0,137582.0,130743.0,131591.0,131373.0,132483.0,126390.0,125917.0,128165.0,122128.0,121771.0,123972.0,114971.0,115656.0,117465.0,107216.0,109183.0,109377.0,112265.0,103156.0,104624.0,105606.0,97747.0,97578.0,95854.0,84420.0,85494.0,87298.0,78373.0,77789.0,78154.0,79756.0,72299.0,72291.0,72818.0,66713.0,67358.0,68876.0,62877.0,63034.0,63939.0,59151.0,59521.0,60014.0,60111.0,56458.0,56520.0,57895.0,55325.0,54882.0,56391.0,53885.0,53974.0,55485.0,53244.0,53824.0,53933.0,55468.0,53715.0,53618.0,55049.0,53624.0,53288.0,54525.0,53780.0,53462.0,53714.0,53348.0,52417.0,52931.0,151870.0,147356.5,145553.5,143817.5,139739.5,138737.0,137713.0,136006.0,131482.0,127041.0,122871.5,116560.5,109280.0,105115.0,96716.0,86396.0,77971.5,72554.5,68117.0,63486.5,59767.5,57207.5,55636.5,54729.5,53878.5,54333.5,53906.5,53588.0,52674.0
44,F,3.0,H11,91606.0,87511.0,88312.0,89340.0,85028.0,85738.0,87871.0,82843.0,84619.0,86008.0,81786.0,83355.0,83832.0,84865.0,80500.0,81949.0,84074.0,80397.0,80939.0,83227.0,80153.0,81159.0,82581.0,78293.0,79019.0,78959.0,78948.0,75788.0,75668.0,76440.0,73280.0,72883.0,74190.0,69144.0,69879.0,70204.0,66834.0,66754.0,66279.0,68006.0,63631.0,64528.0,65085.0,61021.0,61157.0,57144.0,52047.0,52174.0,52979.0,48169.0,48856.0,48973.0,49677.0,45875.0,46072.0,46634.0,43761.0,44024.0,44626.0,41506.0,41113.0,42169.0,39815.0,39628.0,40087.0,40468.0,38332.0,38188.0,39170.0,37704.0,37522.0,38435.0,36951.0,37093.0,37947.0,36657.0,36714.0,36472.0,37915.0,36922.0,37006.0,38034.0,37020.0,37017.0,37987.0,37299.0,37049.0,37771.0,36964.0,36782.0,36599.0,91606.0,88826.0,86804.5,85313.5,83593.5,83011.5,82083.0,81870.0,78989.0,76054.0,73536.5,70041.5,66516.5,64806.5,59150.5,52576.5,48914.5,46353.0,44325.0,41641.0,39857.5,38679.0,37978.5,37520.0,36593.0,37520.0,37502.0,37410.0,36690.5
45,F,4.0,A10,163397.0,154862.0,156959.0,158322.0,150780.0,153245.0,155563.0,147617.0,151052.0,153573.0,146322.0,149396.0,150157.0,150873.0,143137.0,147240.0,148902.0,141817.0,145274.0,148197.0,140059.0,142612.0,145356.0,137466.0,139730.0,139129.0,139977.0,132022.0,133033.0,134799.0,126076.0,128056.0,128892.0,119448.0,120550.0,122058.0,112763.0,114348.0,113482.0,116830.0,107612.0,108571.0,109588.0,100032.0,101018.0,97788.0,86478.0,87178.0,88634.0,78716.0,78959.0,79560.0,80545.0,73096.0,73235.0,74833.0,68671.0,68256.0,69777.0,63698.0,64136.0,65043.0,60483.0,59909.0,60446.0,60949.0,57746.0,57294.0,59283.0,56317.0,56192.0,57845.0,55430.0,55301.0,56878.0,54681.0,54680.0,54578.0,56567.0,55198.0,54616.0,56454.0,54886.0,54564.0,55752.0,55224.0,54577.0,55732.0,54821.0,54442.0,54174.0,163397.0,157640.5,154404.0,152312.5,149776.5,148071.0,146735.5,143984.0,139429.5,133916.0,128474.0,121304.0,113915.0,109079.5,99403.0,87906.0,79259.5,74034.0,69016.5,64589.5,60177.5,58288.5,57018.5,56089.5,54629.0,55535.0,55158.0,55154.5,54308.0
46,F,5.0,F12,130202.0,123000.0,124746.0,125916.0,119535.0,121855.0,122741.0,116005.0,118703.0,119465.0,112783.0,115529.0,116222.0,116920.0,109354.0,111472.0,112996.0,106080.0,108538.0,111285.0,103292.0,106118.0,107448.0,99990.0,101537.0,101686.0,101682.0,94485.0,95856.0,96586.0,90932.0,91293.0,92313.0,84679.0,85566.0,86469.0,79583.0,80399.0,80363.0,82236.0,75963.0,76816.0,77225.0,70723.0,71409.0,67674.0,60823.0,61305.0,61965.0,56189.0,56585.0,57036.0,57523.0,52931.0,53529.0,54143.0,50865.0,50634.0,51859.0,48675.0,48539.0,49546.0,47266.0,47004.0,47424.0,47878.0,45937.0,46083.0,47045.0,45207.0,45399.0,46587.0,45363.0,44919.0,46162.0,45227.0,45102.0,45152.0,47036.0,45907.0,45738.0,46944.0,46358.0,46006.0,47230.0,46247.0,46048.0,46776.0,46143.0,45859.0,45585.0,130202.0,125331.0,122298.0,119084.0,115875.5,112234.0,109911.5,106783.0,101611.5,96221.0,91803.0,86017.5,80381.0,77020.5,69541.5,61635.0,56810.5,53836.0,51246.5,49042.5,47214.0,46564.0,45993.0,45540.5,45127.0,46341.0,46618.0,46412.0,45722.0
47,F,6.0,C10,107034.0,101792.0,102094.0,103865.0,98859.0,101040.0,101946.0,97303.0,99181.0,100464.0,96405.0,98287.0,98283.0,99600.0,95300.0,96141.0,97953.0,93663.0,94958.0,99169.0,93647.0,94802.0,96891.0,92355.0,93119.0,92616.0,93866.0,88976.0,89641.0,90567.0,86725.0,87055.0,88244.0,82167.0,82912.0,83761.0,78538.0,79116.0,79312.0,81594.0,75789.0,76321.0,76990.0,72054.0,72217.0,68798.0,62372.0,62637.0,63707.0,57887.0,57480.0,58056.0,59211.0,54315.0,54775.0,55783.0,51943.0,51771.0,52669.0,48520.0,48718.0,49520.0,46667.0,46303.0,46362.0,46697.0,44127.0,44043.0,45546.0,43437.0,43178.0,44451.0,42589.0,42644.0,43599.0,42098.0,42421.0,42107.0,43665.0,42418.0,42202.0,43416.0,42516.0,42110.0,43200.0,42321.0,42141.0,42615.0,41752.0,41619.0,41637.0,107034.0,102979.5,101493.0,99822.5,98285.0,97047.0,97063.5,95846.5,92867.5,90104.0,87649.5,83336.5,79214.0,76655.5,70507.5,63172.0,57768.0,55279.0,52220.0,49119.0,46332.5,44794.5,43814.5,43121.5,42264.0,42809.0,42655.0,42378.0,41628.0
48,F,7.0,F11,176999.0,170435.0,172336.0,173421.0,164573.0,167426.0,170179.0,162105.0,164492.0,168320.0,160247.0,163039.0,164619.0,166084.0,156403.0,159170.0,162895.0,154363.0,155996.0,161623.0,151641.0,153974.0,156906.0,147640.0,149705.0,148827.0,150268.0,141132.0,142093.0,144664.0,134805.0,136135.0,138801.0,127697.0,128755.0,130269.0,120759.0,122145.0,121844.0,125312.0,114747.0,116065.0,117907.0,107083.0,107532.0,105446.0,92695.0,93421.0,95081.0,85256.0,85451.0,86136.0,87148.0,79494.0,78793.0,81529.0,74938.0,74829.0,75926.0,70043.0,70734.0,72377.0,68155.0,67675.0,67485.0,68835.0,64790.0,64937.0,66182.0,63542.0,63863.0,65523.0,62745.0,62595.0,64453.0,62406.0,62076.0,62488.0,64510.0,62462.0,62446.0,63981.0,62415.0,62481.0,63882.0,62368.0,62149.0,63421.0,62117.0,61689.0,61885.0,176999.0,172878.5,168802.5,166406.0,163829.0,161032.5,158809.5,155440.0,149266.0,143378.5,137468.0,129512.0,121994.5,116986.0,106489.0,94251.0,85793.5,80161.0,75377.5,71555.5,67580.0,65559.5,64693.0,63524.0,62282.0,63213.5,63181.5,62785.0,61787.0
49,F,8.0,D3,143945.0,137754.0,138688.0,140449.0,134607.0,136628.0,137795.0,132345.0,134800.0,136510.0,130171.0,133295.0,133229.0,134027.0,127246.0,129899.0,131754.0,126777.0,128094.0,131783.0,124590.0,127113.0,128802.0,121558.0,123502.0,123429.0,124627.0,117395.0,118307.0,119545.0,112554.0,113656.0,115095.0,106940.0,107868.0,109098.0,101328.0,101787.0,101918.0,103974.0,96277.0,97271.0,98161.0,90555.0,91325.0,88208.0,79021.0,79339.0,80870.0,72869.0,73896.0,73626.0,74431.0,68205.0,68808.0,69725.0,64179.0,64794.0,65701.0,60440.0,60719.0,61557.0,57866.0,57585.0,57856.0,58738.0,54945.0,55059.0,56585.0,53565.0,53525.0,54851.0,51953.0,52202.0,53409.0,50997.0,51296.0,51154.0,53079.0,50736.0,50527.0,52176.0,50408.0,50132.0,51299.0,49876.0,49919.0,50367.0,49403.0,49237.0,49004.0,143945.0,139568.5,137211.5,135655.0,133262.0,130826.5,129938.5,127957.5,123465.5,118926.0,114375.5,108483.0,101852.5,97716.0,89766.5,80104.5,73761.0,69266.5,65247.5,61138.0,57720.5,55822.0,54188.0,52805.5,51225.0,51351.5,50715.5,50143.0,49120.5
50,F,9.0,H10,171960.0,165930.0,166246.0,167424.0,161236.0,163132.0,164485.0,157657.0,159528.0,162192.0,155083.0,157256.0,158498.0,158753.0,151173.0,153490.0,156300.0,147315.0,150876.0,153163.0,145288.0,147596.0,150374.0,140450.0,142669.0,141996.0,142259.0,135298.0,136082.0,137717.0,127978.0,130369.0,131518.0,120777.0,122887.0,124216.0,114279.0,115008.0,115584.0,117678.0,108321.0,109216.0,110395.0,100596.0,101977.0,98117.0,87506.0,88317.0,89610.0,80326.0,80842.0,81468.0,81879.0,74556.0,75130.0,76293.0,69969.0,70434.0,71799.0,65975.0,65887.0,67066.0,63077.0,62650.0,63132.0,64021.0,60451.0,60391.0,61892.0,59341.0,59242.0,60672.0,58244.0,58166.0,59673.0,57691.0,57815.0,57648.0,59903.0,58061.0,57964.0,59551.0,58104.0,57898.0,59374.0,58242.0,58059.0,58835.0,57994.0,57762.0,57882.0,171960.0,166835.0,163808.5,160860.0,157877.0,154895.0,152019.5,148985.0,142332.5,136899.5,130943.5,123551.5,115296.0,109805.5,100047.0,88963.5,81155.0,75711.5,71116.5,66476.5,62891.0,61141.5,59957.0,58919.5,57731.5,58757.5,58636.0,58447.0,57822.0
51,F,10.0,E3,172716.0,164110.0,166210.0,168243.0,161831.0,163958.0,164784.0,157741.0,160889.0,163458.0,156064.0,158720.0,158625.0,161095.0,151742.0,155019.0,158660.0,149394.0,152570.0,156512.0,147142.0,149894.0,153475.0,142147.0,145212.0,145270.0,146155.0,135395.0,137532.0,140265.0,130368.0,131909.0,133405.0,122638.0,124219.0,125660.0,116961.0,117778.0,117510.0,119309.0,109960.0,111726.0,112723.0,103047.0,104551.0,100938.0,89192.0,89949.0,92019.0,82129.0,82208.0,83063.0,84043.0,76189.0,76628.0,77363.0,71314.0,70856.0,72513.0,66747.0,67062.0,68259.0,63658.0,63625.0,62830.0,63181.0,60981.0,60334.0,62529.0,59361.0,59142.0,60952.0,58196.0,58557.0,60234.0,57629.0,57799.0,58418.0,60236.0,58575.0,58179.0,60026.0,58469.0,58079.0,59592.0,57212.0,57708.0,58069.0,57397.0,56914.0,56698.0,172716.0,167226.5,164371.0,162173.5,158672.5,156839.5,154541.0,151684.5,145241.0,138898.5,132657.0,124939.5,117644.0,112224.5,102744.5,90984.0,82635.5,76995.5,71684.5,67660.5,63227.5,61431.5,60047.0,59395.5,58108.5,59102.5,58835.5,57888.5,56806.0
52,F,11.0,G10,111269.0,106296.0,107486.0,108128.0,103725.0,105635.0,106247.0,101841.0,103322.0,104208.0,99839.0,101453.0,101275.0,101752.0,96825.0,97490.0,99566.0,94633.0,95015.0,98109.0,92460.0,93647.0,94363.0,88643.0,89548.0,88997.0,89175.0,83801.0,83887.0,84497.0,79475.0,79861.0,80874.0,74535.0,74816.0,75642.0,70470.0,70164.0,70111.0,71519.0,66685.0,66737.0,67517.0,62180.0,62696.0,58611.0,52854.0,53148.0,53887.0,49827.0,50139.0,50226.0,50521.0,46937.0,47620.0,48273.0,45497.0,45914.0,46487.0,44113.0,43901.0,44732.0,42683.0,42621.0,42802.0,43067.0,41616.0,41775.0,42871.0,41487.0,41363.0,42570.0,41430.0,41188.0,42771.0,41465.0,41528.0,41553.0,43214.0,42167.0,41985.0,43642.0,42530.0,42561.0,43658.0,42955.0,42693.0,43597.0,42600.0,42557.0,42451.0,111269.0,107807.0,105941.0,103765.0,101364.0,98528.0,96562.0,94005.0,89272.5,84192.0,80367.5,75229.0,70137.5,67127.0,60653.5,53517.5,50182.5,47946.5,46200.5,44316.5,42711.5,42323.0,41966.5,41979.5,41540.5,42813.5,43109.5,43145.0,42504.0
53,G,3.0,C5,124589.0,117853.0,121334.0,122573.0,114725.0,118070.0,120288.0,113325.0,115806.0,117976.0,112324.0,114057.0,115468.0,116615.0,109417.0,111925.0,113946.0,108419.0,110175.0,112749.0,107532.0,108816.0,110501.0,104074.0,105757.0,105837.0,105997.0,99760.0,100458.0,101105.0,94270.0,95929.0,97101.0,89473.0,90627.0,91698.0,83967.0,85329.0,85567.0,86421.0,79847.0,81185.0,81806.0,75366.0,75785.0,72186.0,64095.0,63945.0,65237.0,58932.0,59354.0,59531.0,59875.0,54760.0,55167.0,55717.0,52052.0,52134.0,52835.0,48906.0,48667.0,49569.0,46726.0,46383.0,47116.0,47286.0,44778.0,44500.0,46080.0,44375.0,44379.0,45264.0,44228.0,43916.0,45293.0,43842.0,43558.0,44019.0,45599.0,44629.0,44221.0,45470.0,45065.0,44690.0,45683.0,44778.0,45227.0,45821.0,44823.0,44760.0,44674.0,124589.0,121953.5,119179.0,116891.0,114762.5,112935.5,111462.0,109658.5,105797.0,100781.5,96515.0,91162.5,85448.0,81495.5,73985.5,64591.0,59442.5,55442.0,52484.5,49118.0,46749.5,45290.0,44821.5,44604.5,43788.5,44845.5,45186.5,45524.0,44717.0
54,G,4.0,G3,124370.0,118966.0,120751.0,122770.0,116753.0,118936.0,121009.0,115409.0,117035.0,119196.0,113256.0,115847.0,117273.0,117792.0,111083.0,113887.0,116061.0,110583.0,113243.0,115539.0,110582.0,112178.0,113200.0,106737.0,109027.0,108842.0,108202.0,101985.0,103618.0,103987.0,98196.0,98813.0,99595.0,92395.0,93329.0,94044.0,87548.0,88313.0,88157.0,89638.0,82971.0,84351.0,84531.0,77363.0,78509.0,74189.0,66271.0,66898.0,67708.0,61335.0,61922.0,61948.0,62428.0,57534.0,57656.0,58370.0,54083.0,54165.0,55153.0,51273.0,51397.0,52317.0,49532.0,49290.0,49916.0,50045.0,48130.0,48002.0,49310.0,47493.0,47273.0,48701.0,47259.0,47418.0,48280.0,47003.0,47189.0,47469.0,48951.0,47462.0,47538.0,48645.0,47797.0,47753.0,49132.0,48267.0,47814.0,48553.0,47879.0,47812.0,47501.0,124370.0,121760.5,119972.5,118115.5,116560.0,114974.0,114391.0,112689.0,108934.5,103802.5,99204.0,93686.5,88235.0,84441.0,76349.0,67303.0,61935.0,58013.0,54659.0,51857.0,49603.0,48656.0,47987.0,47849.0,47329.0,48091.5,48442.5,48183.5,47656.5
55,G,5.0,D4,107330.0,103008.0,105286.0,107189.0,100878.0,105934.0,106969.0,100654.0,104200.0,106503.0,98873.0,102780.0,102430.0,104063.0,96716.0,97870.0,103613.0,95712.0,97713.0,101764.0,94725.0,96587.0,101281.0,92497.0,94801.0,93925.0,97348.0,89688.0,89918.0,92859.0,85632.0,86354.0,89837.0,81062.0,82636.0,86211.0,78602.0,79354.0,79172.0,81887.0,74607.0,76624.0,77509.0,71583.0,72091.0,68234.0,61265.0,61065.0,61961.0,56367.0,56712.0,56476.0,57750.0,53268.0,52999.0,53844.0,50054.0,50116.0,50708.0,47621.0,47148.0,48904.0,45772.0,45953.0,46213.0,46724.0,43909.0,44094.0,45373.0,42799.0,43044.0,44042.0,42771.0,42518.0,43375.0,42209.0,41879.0,42196.0,43732.0,42566.0,42323.0,43795.0,42668.0,42663.0,43802.0,42948.0,42512.0,43320.0,42693.0,42588.0,42437.0,107330.0,106237.5,106451.5,105351.5,102605.0,100741.5,99738.5,98934.0,94363.0,91388.5,88095.5,84423.5,79263.0,77066.5,70162.5,61513.0,56594.0,53421.5,50412.0,48026.0,46083.0,44733.5,43543.0,42946.5,42037.5,43059.0,43232.5,42916.0,42512.5
56,G,6.0,D12,15990.0,15388.0,15211.0,16363.0,16158.0,15970.0,16602.0,15953.0,15893.0,15872.0,15785.0,15740.0,15623.0,16507.0,16190.0,16231.0,17582.0,17227.0,17313.0,19604.0,19051.0,19118.0,20372.0,19621.0,19481.0,19479.0,20035.0,19516.0,19363.0,19613.0,19627.0,19145.0,20145.0,19204.0,19247.0,19610.0,19333.0,19000.0,18937.0,19425.0,19088.0,18829.0,19167.0,18838.0,18575.0,13477.0,13396.0,13458.0,13392.0,13314.0,13293.0,13235.0,13461.0,13453.0,13364.0,13419.0,13380.0,13448.0,13542.0,13329.0,13315.0,13644.0,13389.0,13449.0,13417.0,13625.0,13376.0,13276.0,13773.0,13781.0,13759.0,14351.0,14137.0,14168.0,14444.0,14538.0,14483.0,14485.0,15615.0,15533.0,15402.0,15996.0,16192.0,16018.0,16622.0,16518.0,16232.0,16542.0,16555.0,16303.0,16411.0,15990.0,15787.0,16286.0,15882.5,15681.5,16906.5,18458.5,19745.0,19480.0,19488.0,19645.0,19428.5,18968.5,18998.0,16026.0,13425.0,13264.0,13391.5,13495.0,13479.5,13433.0,13524.5,14055.0,14306.0,14484.0,15699.0,16320.0,16387.0,16357.0
57,G,7.0,G7,111759.0,106268.0,108554.0,109340.0,103430.0,106823.0,107251.0,101699.0,103867.0,105626.0,98898.0,102452.0,102790.0,102697.0,96548.0,99714.0,101318.0,95682.0,97434.0,100310.0,94469.0,96443.0,98122.0,91665.0,93007.0,93100.0,92835.0,87160.0,87916.0,88901.0,83029.0,84260.0,84800.0,78761.0,79797.0,80303.0,74969.0,75563.0,75168.0,77049.0,72180.0,72140.0,72608.0,68457.0,68357.0,63881.0,58111.0,58938.0,58907.0,54023.0,54795.0,54595.0,55198.0,51254.0,51605.0,52021.0,49103.0,49491.0,49802.0,46980.0,46999.0,47863.0,45440.0,45113.0,45563.0,45466.0,43879.0,43745.0,44527.0,43058.0,42906.0,44169.0,42435.0,42487.0,43251.0,41972.0,41963.0,42331.0,43501.0,42277.0,42041.0,43279.0,42585.0,42143.0,43357.0,42555.0,42286.0,42844.0,42095.0,41877.0,41967.0,111759.0,108947.0,107037.0,104746.5,102621.0,100516.0,98872.0,97282.5,93053.5,88408.5,84530.0,80050.0,75365.5,72374.0,66119.0,58922.5,54695.0,51813.0,49646.5,47431.0,45338.0,44136.0,43537.5,42869.0,42147.0,42660.0,42750.0,42565.0,41922.0
58,G,8.0,E7,56379.0,58222.0,58383.0,59116.0,54303.0,54006.0,53356.0,61511.0,60855.0,60999.0,59494.0,60135.0,59984.0,59941.0,56914.0,57583.0,58813.0,55102.0,56291.0,57805.0,53482.0,54466.0,55723.0,51611.0,52210.0,51972.0,51486.0,48859.0,49416.0,49467.0,47258.0,46972.0,46945.0,45220.0,45161.0,45173.0,43861.0,43633.0,43500.0,44445.0,42762.0,42271.0,42574.0,41095.0,40759.0,35904.0,33999.0,34306.0,34347.0,32782.0,33058.0,32931.0,33492.0,32347.0,32819.0,32800.0,32049.0,32321.0,32725.0,31581.0,32064.0,32429.0,31503.0,31849.0,31786.0,32080.0,31515.0,31468.0,32198.0,31898.0,31918.0,32433.0,31900.0,32382.0,32759.0,32230.0,32677.0,32545.0,33836.0,32961.0,33570.0,34098.0,33778.0,33686.0,34538.0,33896.0,34062.0,34466.0,33935.0,34012.0,34132.0,56379.0,58749.5,53681.0,60927.0,60059.5,58198.0,57048.0,55094.5,52091.0,49441.5,46958.5,45167.0,43566.5,42422.5,38331.5,34326.5,32994.5,32809.5,32523.0,32246.5,31817.5,31833.0,32175.5,32570.5,32611.0,33834.0,34112.0,34264.0,34072.0
59,G,9.0,C4,125778.0,120288.0,122523.0,123573.0,117511.0,119745.0,122103.0,116207.0,118732.0,120354.0,114547.0,117431.0,117988.0,117747.0,111907.0,114448.0,116506.0,111798.0,113418.0,115705.0,110972.0,112119.0,113358.0,108158.0,109393.0,108688.0,108605.0,104319.0,103807.0,104509.0,100390.0,99903.0,100424.0,93752.0,94680.0,94530.0,88017.0,88824.0,88406.0,90145.0,83903.0,81855.0,84504.0,76959.0,78139.0,73804.0,65490.0,66668.0,67024.0,60176.0,60673.0,60715.0,61190.0,55557.0,56057.0,56666.0,52533.0,53089.0,53862.0,49666.0,50170.0,50663.0,47666.0,47698.0,47713.0,48149.0,45889.0,45986.0,47162.0,45119.0,45315.0,46486.0,44783.0,44586.0,45922.0,44509.0,44582.0,44874.0,46648.0,45156.0,45263.0,46515.0,45334.0,45187.0,46443.0,45789.0,45411.0,46503.0,45429.0,45235.0,45264.0,125778.0,123048.0,120924.0,119543.0,117709.5,115477.0,114561.5,112738.5,109040.5,104158.0,100163.5,94605.0,88615.0,83179.5,75971.5,66846.0,60694.0,56361.5,53475.5,50416.5,47705.5,46574.0,45900.5,45254.0,44728.0,45889.0,45815.0,45957.0,45249.5
60,G,10.0,A4,115907.0,110694.0,113178.0,113177.0,109014.0,111861.0,112526.0,108415.0,110385.0,111042.0,106332.0,108474.0,109319.0,109766.0,104564.0,106478.0,107991.0,103369.0,104400.0,107604.0,102656.0,103714.0,105453.0,100240.0,100823.0,100687.0,100878.0,95687.0,95705.0,96534.0,91530.0,91781.0,92867.0,86794.0,86888.0,87528.0,81532.0,81678.0,81612.0,82865.0,77318.0,77278.0,77623.0,71921.0,72060.0,67587.0,60558.0,61341.0,61611.0,55771.0,56043.0,55821.0,56791.0,51479.0,52153.0,52225.0,48620.0,48802.0,49488.0,45927.0,46188.0,46880.0,44005.0,44010.0,44244.0,44553.0,42307.0,42305.0,43694.0,41957.0,41925.0,43046.0,41619.0,41662.0,42444.0,41577.0,41390.0,42028.0,43192.0,41902.0,41859.0,42868.0,42415.0,41944.0,43232.0,42364.0,42228.0,42985.0,42325.0,42109.0,41942.0,115907.0,113177.5,112193.5,110713.5,108896.5,107234.5,106002.0,104583.5,100755.0,96119.5,92324.0,87208.0,81645.0,77450.5,69823.5,61476.0,55932.0,52189.0,49145.0,46534.0,44127.0,42999.5,42485.5,42053.0,41709.0,42363.5,42588.0,42606.5,42025.5
protocol,,,,0.0,0.0,0.0,0.0,0.0,0.0,0.0,0.0,0.0,0.0,0.0,0.0,0.0,1.0,1.0,1.0,1.0,1.0,1.0,1.0,1.0,1.0,1.0,1.0,1.0,1.0,2.0,2.0,2.0,2.0,2.0,2.0,2.0,2.0,2.0,2.0,2.0,2.0,2.0,3.0,3.0,3.0,3.0,3.0,3.0,3.0,3.0,3.0,3.0,3.0,3.0,3.0,4.0,4.0,4.0,4.0,4.0,4.0,4.0,4.0,4.0,4.0,4.0,4.0,4.0,5.0,5.0,5.0,5.0,5.0,5.0,5.0,5.0,5.0,5.0,5.0,5.0,5.0,6.0,6.0,6.0,6.0,6.0,6.0,6.0,6.0,6.0,6.0,6.0,6.0,6.0,0.0,0.0,0.0,0.0,0.0,1.0,1.0,1.0,1.0,2.0,2.0,2.0,2.0,3.0,3.0,3.0,3.0,4.0,4.0,4.0,4.0,5.0,5.0,5.0,5.0,6.0,6.0,6.0,6.0
sample,,,,0.0,1.0,2.0,3.0,4.0,5.0,6.0,7.0,8.0,9.0,10.0,11.0,12.0,0.0,1.0,2.0,3.0,4.0,5.0,6.0,7.0,8.0,9.0,10.0,11.0,12.0,0.0,1.0,2.0,3.0,4.0,5.0,6.0,7.0,8.0,9.0,10.0,11.0,12.0,0.0,1.0,2.0,3.0,4.0,5.0,6.0,7.0,8.0,9.0,10.0,11.0,12.0,0.0,1.0,2.0,3.0,4.0,5.0,6.0,7.0,8.0,9.0,10.0,11.0,12.0,0.0,1.0,2.0,3.0,4.0,5.0,6.0,7.0,8.0,9.0,10.0,11.0,12.0,0.0,1.0,2.0,3.0,4.0,5.0,6.0,7.0,8.0,9.0,10.0,11.0,12.0,0.0,2.5,5.5,8.5,11.5,2.5,5.5,8.5,11.5,2.5,5.5,8.5,11.5,2.5,5.5,8.5,11.5,2.5,5.5,8.5,11.5,2.5,5.5,8.5,11.5,2.5,5.5,8.5,11.5
average,,,,0.0,,1.0,1.0,,2.0,2.0,,3.0,3.0,,4.0,4.0,,,5.0,5.0,,6.0,6.0,,7.0,7.0,,8.0,8.0,,,9.0,9.0,,10.0,10.0,,11.0,11.0,,12.0,12.0,,,13.0,13.0,,14.0,14.0,,15.0,15.0,,16.0,16.0,,,17.0,17.0,,18.0,18.0,,19.0,19.0,,20.0,20.0,,,21.0,21.0,,22.0,22.0,,23.0,23.0,,24.0,24.0,,,25.0,25.0,,26.0,26.0,,27.0,27.0,,28.0,28.0,0.0,1.0,2.0,3.0,4.0,5.0,6.0,7.0,8.0,9.0,10.0,11.0,12.0,13.0,14.0,15.0,16.0,17.0,18.0,19.0,20.0,21.0,22.0,23.0,24.0,25.0,26.0,27.0,28.0
guanadine,,,,0.0,,0.17245003600000003,0.17245003600000003,,0.331015861,0.331015861,,0.477309346,0.477309346,,0.612702153,0.612702153,,,0.738368875,0.738368875,,0.855321199,0.855321199,,0.964435204,0.964435204,,1.066473343,1.066473343,,,1.1621022859999999,1.1621022859999999,,1.251907507,1.251907507,,1.358563102,1.358563102,,1.4565273719999998,1.4565273719999998,,,1.546821106,1.546821106,,1.646303623,1.646303623,,1.81020321,1.81020321,,1.966132054,1.966132054,,,2.114657798,2.114657798,,2.256295438,2.256295438,,2.428488681,2.428488681,,2.589784402,2.589784402,,,2.7411853710000003,2.7411853710000003,,2.8835749880000003,2.8835749880000003,,3.044517897,3.044517897,,3.19379015,3.19379015,,,3.354711335,3.354711335,,3.502369186,3.502369186,,3.6562158910000004,3.6562158910000004,,3.7962923689999997,3.7962923689999997,0.0,0.17245003600000003,0.331015861,0.477309346,0.612702153,0.738368875,0.855321199,0.964435204,1.066473343,1.1621022859999999,1.251907507,1.358563102,1.4565273719999998,1.546821106,1.646303623,1.81020321,1.966132054,2.114657798,2.256295438,2.428488681,2.589784402,2.7411853710000003,2.8835749880000003,3.044517897,3.19379015,3.354711335,3.502369186,3.6562158910000004,3.7962923689999997
